"0","mixed_model <- lmer (ForkLength_mm ~ Condition + group_summer_temp + release_year + mover  + (1 | IndividualID), data = mydata_first)"
"0",""
"0","options(na.action = ""na.fail"") "
"0","mixmodel <- dredge(mixed_model)"
"2","Warning: comparing models fitted by REML"
"2","Fixed term is ""(Intercept)""
"
"0","options(na.action = ""na.omit"")# reset na.action options"
"0","top_mixmodel <- subset(mixmodel, delta < 2)"
"0","print(top_mixmodel)"
"1","Global model call: "
"1","lmer(formula = ForkLength_mm ~ Condition + group_summer_temp + 
"
"1","    release_year + mover + (1 | IndividualID), data = mydata_first)
"
"1","---
"
"1","Model selection table 
"
"1","  "
"1"," (Int)"
"1","   Cnd"
"1"," grp_smm_tmp"
"1"," mvr"
"1"," rls_yer"
"1"," df"
"1","    logLik"
"1","    AICc"
"1"," delta"
"1"," weight"
"1","
16"
"1"," 102.2"
"1"," 20.26"
"1","       2.092"
"1","   +"
"1","       +"
"1"," 10"
"1"," -10474.25"
"1"," 20968.6"
"1","     0"
"1","      1"
"1","
"
"1","Models ranked by"
"1"," "
"1","AICc(x)"
"1"," "
"1","
"
"1","Random terms (all models): 
"
"1","‘1 | IndividualID’"
"1","
"
